{"v":"4.11.0","fr":30,"ip":0,"op":91,"w":300,"h":300,"nm":"interaction","ddd":0,"assets":[{"id":"comp_0","layers":[{"ddd":0,"ind":1,"ty":4,"nm":"heart","sr":1,"ks":{"o":{"a":0,"k":100,"ix":11},"r":{"a":0,"k":0,"ix":10},"p":{"a":1,"k":[{"i":{"x":0.667,"y":1},"o":{"x":0.333,"y":0},"n":"0p667_1_0p333_0","t":15,"s":[301.764,301.471,0],"e":[301.764,243.471,0],"to":[0,-9.66666698455811,0],"ti":[0,1.33333337306976,0]},{"i":{"x":0.667,"y":1},"o":{"x":0.8,"y":0},"n":"0p667_1_0p8_0","t":35,"s":[301.764,243.471,0],"e":[301.764,293.471,0],"to":[0,-1.33333337306976,0],"ti":[0,-8.33333301544189,0]},{"t":54.5}],"ix":2},"a":{"a":0,"k":[0,0,0],"ix":1},"s":{"a":1,"k":[{"i":{"x":[0.606,0.606,0.606],"y":[0.686,0.686,-31.056]},"o":{"x":[0.171,0.171,0.171],"y":[0.172,0.172,17.594]},"n":["0p606_0p686_0p171_0p172","0p606_0p686_0p171_0p172","0p606_-31p056_0p171_17p594"],"t":5,"s":[0,0,100],"e":[38.793,38.793,100]},{"i":{"x":[0.833,0.833,0.833],"y":[1,1,1]},"o":{"x":[0.352,0.352,0.352],"y":[-2.17,0.287,4.527]},"n":["0p833_1_0p352_-2p17","0p833_1_0p352_0p287","0p833_1_0p352_4p527"],"t":14.5,"s":[38.793,38.793,100],"e":[38,44.793,100]},{"i":{"x":[0.833,0.833,0.833],"y":[1,1,1]},"o":{"x":[0.167,0.167,0.167],"y":[0,0,0]},"n":["0p833_1_0p167_0","0p833_1_0p167_0","0p833_1_0p167_0"],"t":16,"s":[38,44.793,100],"e":[40.793,40.793,100]},{"i":{"x":[0.833,0.833,0.833],"y":[1,1,1]},"o":{"x":[0.167,0.167,0.167],"y":[0,0,0]},"n":["0p833_1_0p167_0","0p833_1_0p167_0","0p833_1_0p167_0"],"t":24.5,"s":[40.793,40.793,100],"e":[40.8,40.8,100]},{"i":{"x":[0.833,0.833,0.833],"y":[1,1,1]},"o":{"x":[0.167,0.167,0.167],"y":[0,0,0]},"n":["0p833_1_0p167_0","0p833_1_0p167_0","0p833_1_0p167_0"],"t":45,"s":[40.8,40.8,100],"e":[38,44.8,100]},{"i":{"x":[0.833,0.833,0.833],"y":[1,1,1]},"o":{"x":[0.167,0.167,0.167],"y":[0,0,0]},"n":["0p833_1_0p167_0","0p833_1_0p167_0","0p833_1_0p167_0"],"t":52,"s":[38,44.8,100],"e":[40.8,40.8,100]},{"t":60}],"ix":6}},"ao":0,"shapes":[{"ty":"gr","it":[{"ind":0,"ty":"sh","ix":1,"ks":{"a":0,"k":{"i":[[62.169,-140.316],[-69.687,-215.541],[0,0],[-43.92,151.956]],"o":[[-61.578,-140.316],[47.979,148.399],[0,0],[60.623,-209.745]],"v":[[23.56,-155.04],[-218.919,-16.395],[23.168,225.302],[264.865,-23.738]],"c":true},"ix":2},"nm":"Caminho 1","mn":"ADBE Vector Shape - Group","hd":false},{"ty":"st","c":{"a":0,"k":[1,1,1,1],"ix":3},"o":{"a":0,"k":100,"ix":4},"w":{"a":0,"k":0,"ix":5},"lc":1,"lj":1,"ml":4,"nm":"Traçado 1","mn":"ADBE Vector Graphic - Stroke","hd":false},{"ty":"fl","c":{"a":0,"k":[1,0.24705880857,0.24705880857,1],"ix":4},"o":{"a":0,"k":100,"ix":5},"r":1,"nm":"Preenchimento 1","mn":"ADBE Vector Graphic - Fill","hd":false},{"ty":"tr","p":{"a":0,"k":[0,0],"ix":2},"a":{"a":0,"k":[0,0],"ix":1},"s":{"a":0,"k":[100,100],"ix":3},"r":{"a":0,"k":0,"ix":6},"o":{"a":0,"k":100,"ix":7},"sk":{"a":0,"k":0,"ix":4},"sa":{"a":0,"k":0,"ix":5},"nm":"Transformar"}],"nm":"Forma 1","np":3,"cix":2,"ix":1,"mn":"ADBE Vector Group","hd":false}],"ip":0,"op":90,"st":0,"bm":0}]},{"id":"comp_1","layers":[{"ddd":0,"ind":2,"ty":4,"nm":"Star","td":1,"sr":1,"ks":{"o":{"a":0,"k":100,"ix":11},"r":{"a":0,"k":0,"ix":10},"p":{"a":0,"k":[960,960,0],"ix":2},"a":{"a":0,"k":[0,0,0],"ix":1},"s":{"a":0,"k":[100,100,100],"ix":6}},"ao":0,"shapes":[{"ty":"gr","it":[{"ty":"sr","sy":1,"d":1,"pt":{"a":0,"k":20,"ix":3},"p":{"a":0,"k":[0,0],"ix":4},"r":{"a":0,"k":0,"ix":5},"ir":{"a":0,"k":11.79,"ix":6},"is":{"a":0,"k":10,"ix":8},"or":{"a":0,"k":1178.969,"ix":7},"os":{"a":0,"k":0,"ix":9},"ix":1,"nm":"Polystar Path 1","mn":"ADBE Vector Shape - Star","hd":false},{"ty":"st","c":{"a":0,"k":[1,1,1,1],"ix":3},"o":{"a":0,"k":100,"ix":4},"w":{"a":0,"k":17,"ix":5},"lc":1,"lj":1,"ml":4,"nm":"Stroke 1","mn":"ADBE Vector Graphic - Stroke","hd":false},{"ty":"tr","p":{"a":0,"k":[0,-8],"ix":2},"a":{"a":0,"k":[0,0],"ix":1},"s":{"a":0,"k":[100,100],"ix":3},"r":{"a":0,"k":0,"ix":6},"o":{"a":0,"k":100,"ix":7},"sk":{"a":0,"k":0,"ix":4},"sa":{"a":0,"k":0,"ix":5},"nm":"Transformar"}],"nm":"Polystar 1","np":3,"cix":2,"ix":1,"mn":"ADBE Vector Group","hd":false}],"ip":0,"op":18.018018018018,"st":0,"bm":0},{"ddd":0,"ind":3,"ty":4,"nm":"Circle 2","tt":1,"sr":1,"ks":{"o":{"a":0,"k":100,"ix":11},"r":{"a":0,"k":0,"ix":10},"p":{"a":0,"k":[959.735,959.735,0],"ix":2},"a":{"a":0,"k":[-3.265,-3.265,0],"ix":1},"s":{"a":1,"k":[{"i":{"x":[0.103,0.103,0.667],"y":[1,1,1]},"o":{"x":[0.093,0.093,0.167],"y":[0,0,25]},"n":["0p103_1_0p093_0","0p103_1_0p093_0","0p667_1_0p167_25"],"t":0,"s":[0,0,100],"e":[100,100,100]},{"t":15.015015015015}],"ix":6}},"ao":0,"ef":[{"ty":21,"nm":"Preenchimento","np":9,"mn":"ADBE Fill","ix":1,"en":1,"ef":[{"ty":10,"nm":"Máscara de preenchimento","mn":"ADBE Fill-0001","ix":1,"v":{"a":0,"k":0,"ix":1}},{"ty":7,"nm":"Todas as máscaras","mn":"ADBE Fill-0007","ix":2,"v":{"a":0,"k":0,"ix":2}},{"ty":2,"nm":"Cor","mn":"ADBE Fill-0002","ix":3,"v":{"a":0,"k":[1,0,0,1],"ix":3}},{"ty":7,"nm":"Inverter","mn":"ADBE Fill-0006","ix":4,"v":{"a":0,"k":0,"ix":4}},{"ty":0,"nm":"Difusão horizontal","mn":"ADBE Fill-0003","ix":5,"v":{"a":0,"k":0,"ix":5}},{"ty":0,"nm":"Difusão vertical","mn":"ADBE Fill-0004","ix":6,"v":{"a":0,"k":0,"ix":6}},{"ty":0,"nm":"Opacidade","mn":"ADBE Fill-0005","ix":7,"v":{"a":0,"k":1,"ix":7}}]}],"shapes":[{"ty":"gr","it":[{"d":1,"ty":"el","s":{"a":0,"k":[1515.102,1515.102],"ix":2},"p":{"a":0,"k":[0,0],"ix":3},"nm":"Ellipse Path 1","mn":"ADBE Vector Shape - Ellipse","hd":false},{"ty":"st","c":{"a":0,"k":[1,1,1,1],"ix":3},"o":{"a":0,"k":100,"ix":4},"w":{"a":1,"k":[{"i":{"x":[0.261],"y":[1]},"o":{"x":[0.258],"y":[0]},"n":["0p261_1_0p258_0"],"t":0,"s":[200],"e":[0]},{"t":15.015015015015}],"ix":5},"lc":1,"lj":1,"ml":4,"nm":"Stroke 1","mn":"ADBE Vector Graphic - Stroke","hd":false},{"ty":"tr","p":{"a":0,"k":[-3.265,-3.265],"ix":2},"a":{"a":0,"k":[0,0],"ix":1},"s":{"a":0,"k":[100,100],"ix":3},"r":{"a":0,"k":0,"ix":6},"o":{"a":0,"k":100,"ix":7},"sk":{"a":0,"k":0,"ix":4},"sa":{"a":0,"k":0,"ix":5},"nm":"Transformar"}],"nm":"Ellipse 1","np":3,"cix":2,"ix":1,"mn":"ADBE Vector Group","hd":false}],"ip":0,"op":18.018018018018,"st":0,"bm":0}]}],"layers":[{"ddd":0,"ind":1,"ty":0,"nm":"like","refId":"comp_0","sr":1,"ks":{"o":{"a":0,"k":100,"ix":11},"r":{"a":0,"k":0,"ix":10},"p":{"a":0,"k":[141,170.9,0],"ix":2},"a":{"a":0,"k":[300,300,0],"ix":1},"s":{"a":0,"k":[82,82,100],"ix":6}},"ao":0,"w":600,"h":600,"ip":2,"op":91,"st":2,"bm":0},{"ddd":0,"ind":2,"ty":0,"nm":"explosion 2","refId":"comp_1","sr":1,"ks":{"o":{"a":0,"k":100,"ix":11},"r":{"a":0,"k":8,"ix":10},"p":{"a":0,"k":[149,151,0],"ix":2},"a":{"a":0,"k":[960,960,0],"ix":1},"s":{"a":0,"k":[20,20,100],"ix":6}},"ao":0,"w":1920,"h":1920,"ip":20,"op":36.016016016016,"st":20,"bm":0},{"ddd":0,"ind":3,"ty":0,"nm":"explosion","refId":"comp_1","sr":1,"ks":{"o":{"a":0,"k":100,"ix":11},"r":{"a":0,"k":0,"ix":10},"p":{"a":0,"k":[149,151,0],"ix":2},"a":{"a":0,"k":[960,960,0],"ix":1},"s":{"a":0,"k":[20,20,100],"ix":6}},"ao":0,"w":1920,"h":1920,"ip":17,"op":33.016016016016,"st":17,"bm":0}]}